{
  "project_info": {
    "project_number": "857221765800",
    "firebase_url": "https://medicalapp-f5ba7-default-rtdb.firebaseio.com",
    "project_id": "medicalapp-f5ba7",
    "storage_bucket": "medicalapp-f5ba7.appspot.com"
  },
  "client": [
    {
      "client_info": {
        "mobilesdk_app_id": "1:857221765800:android:1fe638c61b8295632bc09d",
        "android_client_info": {
          "package_name": "com.example.medicalapp"
        }
      },
      "oauth_client": [
        {
          "client_id": "857221765800-okiku8o3vtndldv8obhh1raa0lmubog9.apps.googleusercontent.com",
          "client_type": 3
        }
      ],
      "api_key": [
        {
          "current_key": "AIzaSyDdPNtCoAnrhXqTif2xeANV6RA65I4Bu98"
        }
      ],
      "services": {
        "appinvite_service": {
          "other_platform_oauth_client": [
            {
              "client_id": "857221765800-okiku8o3vtndldv8obhh1raa0lmubog9.apps.googleusercontent.com",
              "client_type": 3
            }
          ]
        }
      }
    }
  ],
  "configuration_version": "1"
}